1,2,3,4,5,6,7,8,9,10,11,12,13,14,15,16,17,18,19,20
"[-117, 74, 228]","[-117, 74, 0]","[-120, 75, 66]","[-120, 75, 0]","[-119, 76, 13]","[-119, 76, 0]","[-119, 76, 0]","[-118, 75, 43]","[-118, 75, 0]","[-119, 75, 32]","[-119, 75, 0]","[-119, 75, 0]","[-119, 75, 0]","[-119, 74, 16]","[-119, 74, 0]","[-120, 75, 44]","[-120, 75, 0]","[-120, 76, 33]","[-120, 76, 0]","[-120, 76, 0]"
"[-117, 74, 0]","[-120, 75, 66]","[-120, 75, 0]","[-119, 76, 13]","[-119, 76, 0]","[-119, 76, 0]","[-118, 75, 43]","[-118, 75, 0]","[-119, 75, 32]","[-119, 75, 0]","[-119, 75, 0]","[-119, 75, 0]","[-119, 74, 16]","[-119, 74, 0]","[-120, 75, 44]","[-120, 75, 0]","[-120, 76, 33]","[-120, 76, 0]","[-120, 76, 0]","[-120, 76, 0]"
"[-120, 75, 66]","[-120, 75, 0]","[-119, 76, 13]","[-119, 76, 0]","[-119, 76, 0]","[-118, 75, 43]","[-118, 75, 0]","[-119, 75, 32]","[-119, 75, 0]","[-119, 75, 0]","[-119, 75, 0]","[-119, 74, 16]","[-119, 74, 0]","[-120, 75, 44]","[-120, 75, 0]","[-120, 76, 33]","[-120, 76, 0]","[-120, 76, 0]","[-120, 76, 0]","[-122, 76, 44]"
"[-120, 75, 0]","[-119, 76, 13]","[-119, 76, 0]","[-119, 76, 0]","[-118, 75, 43]","[-118, 75, 0]","[-119, 75, 32]","[-119, 75, 0]","[-119, 75, 0]","[-119, 75, 0]","[-119, 74, 16]","[-119, 74, 0]","[-120, 75, 44]","[-120, 75, 0]","[-120, 76, 33]","[-120, 76, 0]","[-120, 76, 0]","[-120, 76, 0]","[-122, 76, 44]","[-122, 76, 0]"
"[-119, 76, 13]","[-119, 76, 0]","[-119, 76, 0]","[-118, 75, 43]","[-118, 75, 0]","[-119, 75, 32]","[-119, 75, 0]","[-119, 75, 0]","[-119, 75, 0]","[-119, 74, 16]","[-119, 74, 0]","[-120, 75, 44]","[-120, 75, 0]","[-120, 76, 33]","[-120, 76, 0]","[-120, 76, 0]","[-120, 76, 0]","[-122, 76, 44]","[-122, 76, 0]","[-122, 76, 0]"
"[-119, 76, 0]","[-119, 76, 0]","[-118, 75, 43]","[-118, 75, 0]","[-119, 75, 32]","[-119, 75, 0]","[-119, 75, 0]","[-119, 75, 0]","[-119, 74, 16]","[-119, 74, 0]","[-120, 75, 44]","[-120, 75, 0]","[-120, 76, 33]","[-120, 76, 0]","[-120, 76, 0]","[-120, 76, 0]","[-122, 76, 44]","[-122, 76, 0]","[-122, 76, 0]","[-122, 77, 32]"
"[-119, 76, 0]","[-118, 75, 43]","[-118, 75, 0]","[-119, 75, 32]","[-119, 75, 0]","[-119, 75, 0]","[-119, 75, 0]","[-119, 74, 16]","[-119, 74, 0]","[-120, 75, 44]","[-120, 75, 0]","[-120, 76, 33]","[-120, 76, 0]","[-120, 76, 0]","[-120, 76, 0]","[-122, 76, 44]","[-122, 76, 0]","[-122, 76, 0]","[-122, 77, 32]","[-122, 77, 0]"
"[-118, 75, 43]","[-118, 75, 0]","[-119, 75, 32]","[-119, 75, 0]","[-119, 75, 0]","[-119, 75, 0]","[-119, 74, 16]","[-119, 74, 0]","[-120, 75, 44]","[-120, 75, 0]","[-120, 76, 33]","[-120, 76, 0]","[-120, 76, 0]","[-120, 76, 0]","[-122, 76, 44]","[-122, 76, 0]","[-122, 76, 0]","[-122, 77, 32]","[-122, 77, 0]","[-120, 78, 35]"
"[-118, 75, 0]","[-119, 75, 32]","[-119, 75, 0]","[-119, 75, 0]","[-119, 75, 0]","[-119, 74, 16]","[-119, 74, 0]","[-120, 75, 44]","[-120, 75, 0]","[-120, 76, 33]","[-120, 76, 0]","[-120, 76, 0]","[-120, 76, 0]","[-122, 76, 44]","[-122, 76, 0]","[-122, 76, 0]","[-122, 77, 32]","[-122, 77, 0]","[-120, 78, 35]","[-120, 78, 0]"
"[-119, 75, 32]","[-119, 75, 0]","[-119, 75, 0]","[-119, 75, 0]","[-119, 74, 16]","[-119, 74, 0]","[-120, 75, 44]","[-120, 75, 0]","[-120, 76, 33]","[-120, 76, 0]","[-120, 76, 0]","[-120, 76, 0]","[-122, 76, 44]","[-122, 76, 0]","[-122, 76, 0]","[-122, 77, 32]","[-122, 77, 0]","[-120, 78, 35]","[-120, 78, 0]","[-122, 79, 74]"
"[-119, 75, 0]","[-119, 75, 0]","[-119, 75, 0]","[-119, 74, 16]","[-119, 74, 0]","[-120, 75, 44]","[-120, 75, 0]","[-120, 76, 33]","[-120, 76, 0]","[-120, 76, 0]","[-120, 76, 0]","[-122, 76, 44]","[-122, 76, 0]","[-122, 76, 0]","[-122, 77, 32]","[-122, 77, 0]","[-120, 78, 35]","[-120, 78, 0]","[-122, 79, 74]","[-122, 79, 0]"
"[-119, 75, 0]","[-119, 75, 0]","[-119, 74, 16]","[-119, 74, 0]","[-120, 75, 44]","[-120, 75, 0]","[-120, 76, 33]","[-120, 76, 0]","[-120, 76, 0]","[-120, 76, 0]","[-122, 76, 44]","[-122, 76, 0]","[-122, 76, 0]","[-122, 77, 32]","[-122, 77, 0]","[-120, 78, 35]","[-120, 78, 0]","[-122, 79, 74]","[-122, 79, 0]","[-121, 78, 17]"
"[-119, 75, 0]","[-119, 74, 16]","[-119, 74, 0]","[-120, 75, 44]","[-120, 75, 0]","[-120, 76, 33]","[-120, 76, 0]","[-120, 76, 0]","[-120, 76, 0]","[-122, 76, 44]","[-122, 76, 0]","[-122, 76, 0]","[-122, 77, 32]","[-122, 77, 0]","[-120, 78, 35]","[-120, 78, 0]","[-122, 79, 74]","[-122, 79, 0]","[-121, 78, 17]","[-121, 78, 0]"
"[-119, 74, 16]","[-119, 74, 0]","[-120, 75, 44]","[-120, 75, 0]","[-120, 76, 33]","[-120, 76, 0]","[-120, 76, 0]","[-120, 76, 0]","[-122, 76, 44]","[-122, 76, 0]","[-122, 76, 0]","[-122, 77, 32]","[-122, 77, 0]","[-120, 78, 35]","[-120, 78, 0]","[-122, 79, 74]","[-122, 79, 0]","[-121, 78, 17]","[-121, 78, 0]","[-121, 78, 0]"
"[-119, 74, 0]","[-120, 75, 44]","[-120, 75, 0]","[-120, 76, 33]","[-120, 76, 0]","[-120, 76, 0]","[-120, 76, 0]","[-122, 76, 44]","[-122, 76, 0]","[-122, 76, 0]","[-122, 77, 32]","[-122, 77, 0]","[-120, 78, 35]","[-120, 78, 0]","[-122, 79, 74]","[-122, 79, 0]","[-121, 78, 17]","[-121, 78, 0]","[-121, 78, 0]","[-121, 78, 0]"
"[-120, 75, 44]","[-120, 75, 0]","[-120, 76, 33]","[-120, 76, 0]","[-120, 76, 0]","[-120, 76, 0]","[-122, 76, 44]","[-122, 76, 0]","[-122, 76, 0]","[-122, 77, 32]","[-122, 77, 0]","[-120, 78, 35]","[-120, 78, 0]","[-122, 79, 74]","[-122, 79, 0]","[-121, 78, 17]","[-121, 78, 0]","[-121, 78, 0]","[-121, 78, 0]","[-120, 78, 21]"
"[-120, 75, 0]","[-120, 76, 33]","[-120, 76, 0]","[-120, 76, 0]","[-120, 76, 0]","[-122, 76, 44]","[-122, 76, 0]","[-122, 76, 0]","[-122, 77, 32]","[-122, 77, 0]","[-120, 78, 35]","[-120, 78, 0]","[-122, 79, 74]","[-122, 79, 0]","[-121, 78, 17]","[-121, 78, 0]","[-121, 78, 0]","[-121, 78, 0]","[-120, 78, 21]","[-120, 78, 0]"
"[-120, 76, 33]","[-120, 76, 0]","[-120, 76, 0]","[-120, 76, 0]","[-122, 76, 44]","[-122, 76, 0]","[-122, 76, 0]","[-122, 77, 32]","[-122, 77, 0]","[-120, 78, 35]","[-120, 78, 0]","[-122, 79, 74]","[-122, 79, 0]","[-121, 78, 17]","[-121, 78, 0]","[-121, 78, 0]","[-121, 78, 0]","[-120, 78, 21]","[-120, 78, 0]","[-120, 78, 0]"
"[-120, 76, 0]","[-120, 76, 0]","[-120, 76, 0]","[-122, 76, 44]","[-122, 76, 0]","[-122, 76, 0]","[-122, 77, 32]","[-122, 77, 0]","[-120, 78, 35]","[-120, 78, 0]","[-122, 79, 74]","[-122, 79, 0]","[-121, 78, 17]","[-121, 78, 0]","[-121, 78, 0]","[-121, 78, 0]","[-120, 78, 21]","[-120, 78, 0]","[-120, 78, 0]","[-121, 77, 46]"
"[-120, 76, 0]","[-120, 76, 0]","[-122, 76, 44]","[-122, 76, 0]","[-122, 76, 0]","[-122, 77, 32]","[-122, 77, 0]","[-120, 78, 35]","[-120, 78, 0]","[-122, 79, 74]","[-122, 79, 0]","[-121, 78, 17]","[-121, 78, 0]","[-121, 78, 0]","[-121, 78, 0]","[-120, 78, 21]","[-120, 78, 0]","[-120, 78, 0]","[-121, 77, 46]","[-121, 77, 0]"
"[-120, 76, 0]","[-122, 76, 44]","[-122, 76, 0]","[-122, 76, 0]","[-122, 77, 32]","[-122, 77, 0]","[-120, 78, 35]","[-120, 78, 0]","[-122, 79, 74]","[-122, 79, 0]","[-121, 78, 17]","[-121, 78, 0]","[-121, 78, 0]","[-121, 78, 0]","[-120, 78, 21]","[-120, 78, 0]","[-120, 78, 0]","[-121, 77, 46]","[-121, 77, 0]","[-121, 78, 12]"
"[-122, 76, 44]","[-122, 76, 0]","[-122, 76, 0]","[-122, 77, 32]","[-122, 77, 0]","[-120, 78, 35]","[-120, 78, 0]","[-122, 79, 74]","[-122, 79, 0]","[-121, 78, 17]","[-121, 78, 0]","[-121, 78, 0]","[-121, 78, 0]","[-120, 78, 21]","[-120, 78, 0]","[-120, 78, 0]","[-121, 77, 46]","[-121, 77, 0]","[-121, 78, 12]","[-121, 78, 0]"
"[-122, 76, 0]","[-122, 76, 0]","[-122, 77, 32]","[-122, 77, 0]","[-120, 78, 35]","[-120, 78, 0]","[-122, 79, 74]","[-122, 79, 0]","[-121, 78, 17]","[-121, 78, 0]","[-121, 78, 0]","[-121, 78, 0]","[-120, 78, 21]","[-120, 78, 0]","[-120, 78, 0]","[-121, 77, 46]","[-121, 77, 0]","[-121, 78, 12]","[-121, 78, 0]","[-121, 78, 0]"
"[-122, 76, 0]","[-122, 77, 32]","[-122, 77, 0]","[-120, 78, 35]","[-120, 78, 0]","[-122, 79, 74]","[-122, 79, 0]","[-121, 78, 17]","[-121, 78, 0]","[-121, 78, 0]","[-121, 78, 0]","[-120, 78, 21]","[-120, 78, 0]","[-120, 78, 0]","[-121, 77, 46]","[-121, 77, 0]","[-121, 78, 12]","[-121, 78, 0]","[-121, 78, 0]","[-123, 79, 74]"
"[-122, 77, 32]","[-122, 77, 0]","[-120, 78, 35]","[-120, 78, 0]","[-122, 79, 74]","[-122, 79, 0]","[-121, 78, 17]","[-121, 78, 0]","[-121, 78, 0]","[-121, 78, 0]","[-120, 78, 21]","[-120, 78, 0]","[-120, 78, 0]","[-121, 77, 46]","[-121, 77, 0]","[-121, 78, 12]","[-121, 78, 0]","[-121, 78, 0]","[-123, 79, 74]","[-123, 79, 0]"
"[-122, 77, 0]","[-120, 78, 35]","[-120, 78, 0]","[-122, 79, 74]","[-122, 79, 0]","[-121, 78, 17]","[-121, 78, 0]","[-121, 78, 0]","[-121, 78, 0]","[-120, 78, 21]","[-120, 78, 0]","[-120, 78, 0]","[-121, 77, 46]","[-121, 77, 0]","[-121, 78, 12]","[-121, 78, 0]","[-121, 78, 0]","[-123, 79, 74]","[-123, 79, 0]","[-121, 77, 90]"
"[-120, 78, 35]","[-120, 78, 0]","[-122, 79, 74]","[-122, 79, 0]","[-121, 78, 17]","[-121, 78, 0]","[-121, 78, 0]","[-121, 78, 0]","[-120, 78, 21]","[-120, 78, 0]","[-120, 78, 0]","[-121, 77, 46]","[-121, 77, 0]","[-121, 78, 12]","[-121, 78, 0]","[-121, 78, 0]","[-123, 79, 74]","[-123, 79, 0]","[-121, 77, 90]","[-121, 77, 0]"
"[-120, 78, 0]","[-122, 79, 74]","[-122, 79, 0]","[-121, 78, 17]","[-121, 78, 0]","[-121, 78, 0]","[-121, 78, 0]","[-120, 78, 21]","[-120, 78, 0]","[-120, 78, 0]","[-121, 77, 46]","[-121, 77, 0]","[-121, 78, 12]","[-121, 78, 0]","[-121, 78, 0]","[-123, 79, 74]","[-123, 79, 0]","[-121, 77, 90]","[-121, 77, 0]","[-123, 78, 49]"
"[-122, 79, 74]","[-122, 79, 0]","[-121, 78, 17]","[-121, 78, 0]","[-121, 78, 0]","[-121, 78, 0]","[-120, 78, 21]","[-120, 78, 0]","[-120, 78, 0]","[-121, 77, 46]","[-121, 77, 0]","[-121, 78, 12]","[-121, 78, 0]","[-121, 78, 0]","[-123, 79, 74]","[-123, 79, 0]","[-121, 77, 90]","[-121, 77, 0]","[-123, 78, 49]","[-123, 78, 0]"
"[-122, 79, 0]","[-121, 78, 17]","[-121, 78, 0]","[-121, 78, 0]","[-121, 78, 0]","[-120, 78, 21]","[-120, 78, 0]","[-120, 78, 0]","[-121, 77, 46]","[-121, 77, 0]","[-121, 78, 12]","[-121, 78, 0]","[-121, 78, 0]","[-123, 79, 74]","[-123, 79, 0]","[-121, 77, 90]","[-121, 77, 0]","[-123, 78, 49]","[-123, 78, 0]","[-125, 81, 116]"
"[-121, 78, 17]","[-121, 78, 0]","[-121, 78, 0]","[-121, 78, 0]","[-120, 78, 21]","[-120, 78, 0]","[-120, 78, 0]","[-121, 77, 46]","[-121, 77, 0]","[-121, 78, 12]","[-121, 78, 0]","[-121, 78, 0]","[-123, 79, 74]","[-123, 79, 0]","[-121, 77, 90]","[-121, 77, 0]","[-123, 78, 49]","[-123, 78, 0]","[-125, 81, 116]","[-125, 81, 0]"
"[-121, 78, 0]","[-121, 78, 0]","[-121, 78, 0]","[-120, 78, 21]","[-120, 78, 0]","[-120, 78, 0]","[-121, 77, 46]","[-121, 77, 0]","[-121, 78, 12]","[-121, 78, 0]","[-121, 78, 0]","[-123, 79, 74]","[-123, 79, 0]","[-121, 77, 90]","[-121, 77, 0]","[-123, 78, 49]","[-123, 78, 0]","[-125, 81, 116]","[-125, 81, 0]","[-122, 79, 114]"
"[-121, 78, 0]","[-121, 78, 0]","[-120, 78, 21]","[-120, 78, 0]","[-120, 78, 0]","[-121, 77, 46]","[-121, 77, 0]","[-121, 78, 12]","[-121, 78, 0]","[-121, 78, 0]","[-123, 79, 74]","[-123, 79, 0]","[-121, 77, 90]","[-121, 77, 0]","[-123, 78, 49]","[-123, 78, 0]","[-125, 81, 116]","[-125, 81, 0]","[-122, 79, 114]","[-122, 79, 0]"
"[-121, 78, 0]","[-120, 78, 21]","[-120, 78, 0]","[-120, 78, 0]","[-121, 77, 46]","[-121, 77, 0]","[-121, 78, 12]","[-121, 78, 0]","[-121, 78, 0]","[-123, 79, 74]","[-123, 79, 0]","[-121, 77, 90]","[-121, 77, 0]","[-123, 78, 49]","[-123, 78, 0]","[-125, 81, 116]","[-125, 81, 0]","[-122, 79, 114]","[-122, 79, 0]","[-121, 78, 44]"
"[-120, 78, 21]","[-120, 78, 0]","[-120, 78, 0]","[-121, 77, 46]","[-121, 77, 0]","[-121, 78, 12]","[-121, 78, 0]","[-121, 78, 0]","[-123, 79, 74]","[-123, 79, 0]","[-121, 77, 90]","[-121, 77, 0]","[-123, 78, 49]","[-123, 78, 0]","[-125, 81, 116]","[-125, 81, 0]","[-122, 79, 114]","[-122, 79, 0]","[-121, 78, 44]","[-121, 78, 0]"
"[-120, 78, 0]","[-120, 78, 0]","[-121, 77, 46]","[-121, 77, 0]","[-121, 78, 12]","[-121, 78, 0]","[-121, 78, 0]","[-123, 79, 74]","[-123, 79, 0]","[-121, 77, 90]","[-121, 77, 0]","[-123, 78, 49]","[-123, 78, 0]","[-125, 81, 116]","[-125, 81, 0]","[-122, 79, 114]","[-122, 79, 0]","[-121, 78, 44]","[-121, 78, 0]","[-123, 80, 59]"
"[-120, 78, 0]","[-121, 77, 46]","[-121, 77, 0]","[-121, 78, 12]","[-121, 78, 0]","[-121, 78, 0]","[-123, 79, 74]","[-123, 79, 0]","[-121, 77, 90]","[-121, 77, 0]","[-123, 78, 49]","[-123, 78, 0]","[-125, 81, 116]","[-125, 81, 0]","[-122, 79, 114]","[-122, 79, 0]","[-121, 78, 44]","[-121, 78, 0]","[-123, 80, 59]","[-123, 80, 0]"
"[-121, 77, 46]","[-121, 77, 0]","[-121, 78, 12]","[-121, 78, 0]","[-121, 78, 0]","[-123, 79, 74]","[-123, 79, 0]","[-121, 77, 90]","[-121, 77, 0]","[-123, 78, 49]","[-123, 78, 0]","[-125, 81, 116]","[-125, 81, 0]","[-122, 79, 114]","[-122, 79, 0]","[-121, 78, 44]","[-121, 78, 0]","[-123, 80, 59]","[-123, 80, 0]","[-123, 80, 0]"
"[-121, 77, 0]","[-121, 78, 12]","[-121, 78, 0]","[-121, 78, 0]","[-123, 79, 74]","[-123, 79, 0]","[-121, 77, 90]","[-121, 77, 0]","[-123, 78, 49]","[-123, 78, 0]","[-125, 81, 116]","[-125, 81, 0]","[-122, 79, 114]","[-122, 79, 0]","[-121, 78, 44]","[-121, 78, 0]","[-123, 80, 59]","[-123, 80, 0]","[-123, 80, 0]","[-123, 81, 16]"
"[-121, 78, 12]","[-121, 78, 0]","[-121, 78, 0]","[-123, 79, 74]","[-123, 79, 0]","[-121, 77, 90]","[-121, 77, 0]","[-123, 78, 49]","[-123, 78, 0]","[-125, 81, 116]","[-125, 81, 0]","[-122, 79, 114]","[-122, 79, 0]","[-121, 78, 44]","[-121, 78, 0]","[-123, 80, 59]","[-123, 80, 0]","[-123, 80, 0]","[-123, 81, 16]","[-123, 81, 0]"
"[-121, 78, 0]","[-121, 78, 0]","[-123, 79, 74]","[-123, 79, 0]","[-121, 77, 90]","[-121, 77, 0]","[-123, 78, 49]","[-123, 78, 0]","[-125, 81, 116]","[-125, 81, 0]","[-122, 79, 114]","[-122, 79, 0]","[-121, 78, 44]","[-121, 78, 0]","[-123, 80, 59]","[-123, 80, 0]","[-123, 80, 0]","[-123, 81, 16]","[-123, 81, 0]","[-21, 38, 165]"
"[-121, 78, 0]","[-123, 79, 74]","[-123, 79, 0]","[-121, 77, 90]","[-121, 77, 0]","[-123, 78, 49]","[-123, 78, 0]","[-125, 81, 116]","[-125, 81, 0]","[-122, 79, 114]","[-122, 79, 0]","[-121, 78, 44]","[-121, 78, 0]","[-123, 80, 59]","[-123, 80, 0]","[-123, 80, 0]","[-123, 81, 16]","[-123, 81, 0]","[-21, 38, 165]","[-21, 38, 0]"
"[-123, 79, 74]","[-123, 79, 0]","[-121, 77, 90]","[-121, 77, 0]","[-123, 78, 49]","[-123, 78, 0]","[-125, 81, 116]","[-125, 81, 0]","[-122, 79, 114]","[-122, 79, 0]","[-121, 78, 44]","[-121, 78, 0]","[-123, 80, 59]","[-123, 80, 0]","[-123, 80, 0]","[-123, 81, 16]","[-123, 81, 0]","[-21, 38, 165]","[-21, 38, 0]","[-13, 40, 130]"
"[-123, 79, 0]","[-121, 77, 90]","[-121, 77, 0]","[-123, 78, 49]","[-123, 78, 0]","[-125, 81, 116]","[-125, 81, 0]","[-122, 79, 114]","[-122, 79, 0]","[-121, 78, 44]","[-121, 78, 0]","[-123, 80, 59]","[-123, 80, 0]","[-123, 80, 0]","[-123, 81, 16]","[-123, 81, 0]","[-21, 38, 165]","[-21, 38, 0]","[-13, 40, 130]","[-13, 40, 0]"
"[-121, 77, 90]","[-121, 77, 0]","[-123, 78, 49]","[-123, 78, 0]","[-125, 81, 116]","[-125, 81, 0]","[-122, 79, 114]","[-122, 79, 0]","[-121, 78, 44]","[-121, 78, 0]","[-123, 80, 59]","[-123, 80, 0]","[-123, 80, 0]","[-123, 81, 16]","[-123, 81, 0]","[-21, 38, 165]","[-21, 38, 0]","[-13, 40, 130]","[-13, 40, 0]","[-6, 36, 252]"
"[-121, 77, 0]","[-123, 78, 49]","[-123, 78, 0]","[-125, 81, 116]","[-125, 81, 0]","[-122, 79, 114]","[-122, 79, 0]","[-121, 78, 44]","[-121, 78, 0]","[-123, 80, 59]","[-123, 80, 0]","[-123, 80, 0]","[-123, 81, 16]","[-123, 81, 0]","[-21, 38, 165]","[-21, 38, 0]","[-13, 40, 130]","[-13, 40, 0]","[-6, 36, 252]","[-6, 36, 0]"
"[-123, 78, 49]","[-123, 78, 0]","[-125, 81, 116]","[-125, 81, 0]","[-122, 79, 114]","[-122, 79, 0]","[-121, 78, 44]","[-121, 78, 0]","[-123, 80, 59]","[-123, 80, 0]","[-123, 80, 0]","[-123, 81, 16]","[-123, 81, 0]","[-21, 38, 165]","[-21, 38, 0]","[-13, 40, 130]","[-13, 40, 0]","[-6, 36, 252]","[-6, 36, 0]","[1, 35, 157]"
"[-123, 78, 0]","[-125, 81, 116]","[-125, 81, 0]","[-122, 79, 114]","[-122, 79, 0]","[-121, 78, 44]","[-121, 78, 0]","[-123, 80, 59]","[-123, 80, 0]","[-123, 80, 0]","[-123, 81, 16]","[-123, 81, 0]","[-21, 38, 165]","[-21, 38, 0]","[-13, 40, 130]","[-13, 40, 0]","[-6, 36, 252]","[-6, 36, 0]","[1, 35, 157]","[1, 35, 0]"
"[-125, 81, 116]","[-125, 81, 0]","[-122, 79, 114]","[-122, 79, 0]","[-121, 78, 44]","[-121, 78, 0]","[-123, 80, 59]","[-123, 80, 0]","[-123, 80, 0]","[-123, 81, 16]","[-123, 81, 0]","[-21, 38, 165]","[-21, 38, 0]","[-13, 40, 130]","[-13, 40, 0]","[-6, 36, 252]","[-6, 36, 0]","[1, 35, 157]","[1, 35, 0]","[7, 33, 210]"
"[-125, 81, 0]","[-122, 79, 114]","[-122, 79, 0]","[-121, 78, 44]","[-121, 78, 0]","[-123, 80, 59]","[-123, 80, 0]","[-123, 80, 0]","[-123, 81, 16]","[-123, 81, 0]","[-21, 38, 165]","[-21, 38, 0]","[-13, 40, 130]","[-13, 40, 0]","[-6, 36, 252]","[-6, 36, 0]","[1, 35, 157]","[1, 35, 0]","[7, 33, 210]","[7, 33, 0]"
"[-122, 79, 114]","[-122, 79, 0]","[-121, 78, 44]","[-121, 78, 0]","[-123, 80, 59]","[-123, 80, 0]","[-123, 80, 0]","[-123, 81, 16]","[-123, 81, 0]","[-21, 38, 165]","[-21, 38, 0]","[-13, 40, 130]","[-13, 40, 0]","[-6, 36, 252]","[-6, 36, 0]","[1, 35, 157]","[1, 35, 0]","[7, 33, 210]","[7, 33, 0]","[11, 31, 148]"
"[-122, 79, 0]","[-121, 78, 44]","[-121, 78, 0]","[-123, 80, 59]","[-123, 80, 0]","[-123, 80, 0]","[-123, 81, 16]","[-123, 81, 0]","[-21, 38, 165]","[-21, 38, 0]","[-13, 40, 130]","[-13, 40, 0]","[-6, 36, 252]","[-6, 36, 0]","[1, 35, 157]","[1, 35, 0]","[7, 33, 210]","[7, 33, 0]","[11, 31, 148]","[11, 31, 0]"
"[-121, 78, 44]","[-121, 78, 0]","[-123, 80, 59]","[-123, 80, 0]","[-123, 80, 0]","[-123, 81, 16]","[-123, 81, 0]","[-21, 38, 165]","[-21, 38, 0]","[-13, 40, 130]","[-13, 40, 0]","[-6, 36, 252]","[-6, 36, 0]","[1, 35, 157]","[1, 35, 0]","[7, 33, 210]","[7, 33, 0]","[11, 31, 148]","[11, 31, 0]","[15, 30, 129]"
"[-121, 78, 0]","[-123, 80, 59]","[-123, 80, 0]","[-123, 80, 0]","[-123, 81, 16]","[-123, 81, 0]","[-21, 38, 165]","[-21, 38, 0]","[-13, 40, 130]","[-13, 40, 0]","[-6, 36, 252]","[-6, 36, 0]","[1, 35, 157]","[1, 35, 0]","[7, 33, 210]","[7, 33, 0]","[11, 31, 148]","[11, 31, 0]","[15, 30, 129]","[20, 30, 161]"
"[-123, 80, 59]","[-123, 80, 0]","[-123, 80, 0]","[-123, 81, 16]","[-123, 81, 0]","[-21, 38, 165]","[-21, 38, 0]","[-13, 40, 130]","[-13, 40, 0]","[-6, 36, 252]","[-6, 36, 0]","[1, 35, 157]","[1, 35, 0]","[7, 33, 210]","[7, 33, 0]","[11, 31, 148]","[11, 31, 0]","[15, 30, 129]","[20, 30, 161]","[20, 30, 0]"
"[-123, 80, 0]","[-123, 80, 0]","[-123, 81, 16]","[-123, 81, 0]","[-21, 38, 165]","[-21, 38, 0]","[-13, 40, 130]","[-13, 40, 0]","[-6, 36, 252]","[-6, 36, 0]","[1, 35, 157]","[1, 35, 0]","[7, 33, 210]","[7, 33, 0]","[11, 31, 148]","[11, 31, 0]","[15, 30, 129]","[20, 30, 161]","[20, 30, 0]","[25, 29, 108]"
"[-123, 80, 0]","[-123, 81, 16]","[-123, 81, 0]","[-21, 38, 165]","[-21, 38, 0]","[-13, 40, 130]","[-13, 40, 0]","[-6, 36, 252]","[-6, 36, 0]","[1, 35, 157]","[1, 35, 0]","[7, 33, 210]","[7, 33, 0]","[11, 31, 148]","[11, 31, 0]","[15, 30, 129]","[20, 30, 161]","[20, 30, 0]","[25, 29, 108]","[25, 29, 0]"
"[-123, 81, 16]","[-123, 81, 0]","[-21, 38, 165]","[-21, 38, 0]","[-13, 40, 130]","[-13, 40, 0]","[-6, 36, 252]","[-6, 36, 0]","[1, 35, 157]","[1, 35, 0]","[7, 33, 210]","[7, 33, 0]","[11, 31, 148]","[11, 31, 0]","[15, 30, 129]","[20, 30, 161]","[20, 30, 0]","[25, 29, 108]","[25, 29, 0]","[29, 28, 130]"
"[-123, 81, 0]","[-21, 38, 165]","[-21, 38, 0]","[-13, 40, 130]","[-13, 40, 0]","[-6, 36, 252]","[-6, 36, 0]","[1, 35, 157]","[1, 35, 0]","[7, 33, 210]","[7, 33, 0]","[11, 31, 148]","[11, 31, 0]","[15, 30, 129]","[20, 30, 161]","[20, 30, 0]","[25, 29, 108]","[25, 29, 0]","[29, 28, 130]","[29, 28, 0]"
"[-21, 38, 165]","[-21, 38, 0]","[-13, 40, 130]","[-13, 40, 0]","[-6, 36, 252]","[-6, 36, 0]","[1, 35, 157]","[1, 35, 0]","[7, 33, 210]","[7, 33, 0]","[11, 31, 148]","[11, 31, 0]","[15, 30, 129]","[20, 30, 161]","[20, 30, 0]","[25, 29, 108]","[25, 29, 0]","[29, 28, 130]","[29, 28, 0]","[33, 28, 130]"
"[-21, 38, 0]","[-13, 40, 130]","[-13, 40, 0]","[-6, 36, 252]","[-6, 36, 0]","[1, 35, 157]","[1, 35, 0]","[7, 33, 210]","[7, 33, 0]","[11, 31, 148]","[11, 31, 0]","[15, 30, 129]","[20, 30, 161]","[20, 30, 0]","[25, 29, 108]","[25, 29, 0]","[29, 28, 130]","[29, 28, 0]","[33, 28, 130]","[38, 27, 109]"
"[-13, 40, 130]","[-13, 40, 0]","[-6, 36, 252]","[-6, 36, 0]","[1, 35, 157]","[1, 35, 0]","[7, 33, 210]","[7, 33, 0]","[11, 31, 148]","[11, 31, 0]","[15, 30, 129]","[20, 30, 161]","[20, 30, 0]","[25, 29, 108]","[25, 29, 0]","[29, 28, 130]","[29, 28, 0]","[33, 28, 130]","[38, 27, 109]","[38, 27, 0]"
"[-13, 40, 0]","[-6, 36, 252]","[-6, 36, 0]","[1, 35, 157]","[1, 35, 0]","[7, 33, 210]","[7, 33, 0]","[11, 31, 148]","[11, 31, 0]","[15, 30, 129]","[20, 30, 161]","[20, 30, 0]","[25, 29, 108]","[25, 29, 0]","[29, 28, 130]","[29, 28, 0]","[33, 28, 130]","[38, 27, 109]","[38, 27, 0]","[42, 26, 130]"
"[-6, 36, 252]","[-6, 36, 0]","[1, 35, 157]","[1, 35, 0]","[7, 33, 210]","[7, 33, 0]","[11, 31, 148]","[11, 31, 0]","[15, 30, 129]","[20, 30, 161]","[20, 30, 0]","[25, 29, 108]","[25, 29, 0]","[29, 28, 130]","[29, 28, 0]","[33, 28, 130]","[38, 27, 109]","[38, 27, 0]","[42, 26, 130]","[42, 26, 0]"
"[-6, 36, 0]","[1, 35, 157]","[1, 35, 0]","[7, 33, 210]","[7, 33, 0]","[11, 31, 148]","[11, 31, 0]","[15, 30, 129]","[20, 30, 161]","[20, 30, 0]","[25, 29, 108]","[25, 29, 0]","[29, 28, 130]","[29, 28, 0]","[33, 28, 130]","[38, 27, 109]","[38, 27, 0]","[42, 26, 130]","[42, 26, 0]","[47, 26, 160]"
"[1, 35, 157]","[1, 35, 0]","[7, 33, 210]","[7, 33, 0]","[11, 31, 148]","[11, 31, 0]","[15, 30, 129]","[20, 30, 161]","[20, 30, 0]","[25, 29, 108]","[25, 29, 0]","[29, 28, 130]","[29, 28, 0]","[33, 28, 130]","[38, 27, 109]","[38, 27, 0]","[42, 26, 130]","[42, 26, 0]","[47, 26, 160]","[47, 26, 0]"
"[1, 35, 0]","[7, 33, 210]","[7, 33, 0]","[11, 31, 148]","[11, 31, 0]","[15, 30, 129]","[20, 30, 161]","[20, 30, 0]","[25, 29, 108]","[25, 29, 0]","[29, 28, 130]","[29, 28, 0]","[33, 28, 130]","[38, 27, 109]","[38, 27, 0]","[42, 26, 130]","[42, 26, 0]","[47, 26, 160]","[47, 26, 0]","[48, 26, 32]"
"[7, 33, 210]","[7, 33, 0]","[11, 31, 148]","[11, 31, 0]","[15, 30, 129]","[20, 30, 161]","[20, 30, 0]","[25, 29, 108]","[25, 29, 0]","[29, 28, 130]","[29, 28, 0]","[33, 28, 130]","[38, 27, 109]","[38, 27, 0]","[42, 26, 130]","[42, 26, 0]","[47, 26, 160]","[47, 26, 0]","[48, 26, 32]","[48, 26, 0]"
"[7, 33, 0]","[11, 31, 148]","[11, 31, 0]","[15, 30, 129]","[20, 30, 161]","[20, 30, 0]","[25, 29, 108]","[25, 29, 0]","[29, 28, 130]","[29, 28, 0]","[33, 28, 130]","[38, 27, 109]","[38, 27, 0]","[42, 26, 130]","[42, 26, 0]","[47, 26, 160]","[47, 26, 0]","[48, 26, 32]","[48, 26, 0]","[46, 27, 77]"
"[11, 31, 148]","[11, 31, 0]","[15, 30, 129]","[20, 30, 161]","[20, 30, 0]","[25, 29, 108]","[25, 29, 0]","[29, 28, 130]","[29, 28, 0]","[33, 28, 130]","[38, 27, 109]","[38, 27, 0]","[42, 26, 130]","[42, 26, 0]","[47, 26, 160]","[47, 26, 0]","[48, 26, 32]","[48, 26, 0]","[46, 27, 77]","[46, 27, 0]"
"[11, 31, 0]","[15, 30, 129]","[20, 30, 161]","[20, 30, 0]","[25, 29, 108]","[25, 29, 0]","[29, 28, 130]","[29, 28, 0]","[33, 28, 130]","[38, 27, 109]","[38, 27, 0]","[42, 26, 130]","[42, 26, 0]","[47, 26, 160]","[47, 26, 0]","[48, 26, 32]","[48, 26, 0]","[46, 27, 77]","[46, 27, 0]","[40, 27, 185]"
"[15, 30, 129]","[20, 30, 161]","[20, 30, 0]","[25, 29, 108]","[25, 29, 0]","[29, 28, 130]","[29, 28, 0]","[33, 28, 130]","[38, 27, 109]","[38, 27, 0]","[42, 26, 130]","[42, 26, 0]","[47, 26, 160]","[47, 26, 0]","[48, 26, 32]","[48, 26, 0]","[46, 27, 77]","[46, 27, 0]","[40, 27, 185]","[-208, 27, 198]"
"[20, 30, 161]","[20, 30, 0]","[25, 29, 108]","[25, 29, 0]","[29, 28, 130]","[29, 28, 0]","[33, 28, 130]","[38, 27, 109]","[38, 27, 0]","[42, 26, 130]","[42, 26, 0]","[47, 26, 160]","[47, 26, 0]","[48, 26, 32]","[48, 26, 0]","[46, 27, 77]","[46, 27, 0]","[40, 27, 185]","[-208, 27, 198]","[-208, 27, 0]"
"[20, 30, 0]","[25, 29, 108]","[25, 29, 0]","[29, 28, 130]","[29, 28, 0]","[33, 28, 130]","[38, 27, 109]","[38, 27, 0]","[42, 26, 130]","[42, 26, 0]","[47, 26, 160]","[47, 26, 0]","[48, 26, 32]","[48, 26, 0]","[46, 27, 77]","[46, 27, 0]","[40, 27, 185]","[-208, 27, 198]","[-208, 27, 0]","[-215, 28, 224]"
"[25, 29, 108]","[25, 29, 0]","[29, 28, 130]","[29, 28, 0]","[33, 28, 130]","[38, 27, 109]","[38, 27, 0]","[42, 26, 130]","[42, 26, 0]","[47, 26, 160]","[47, 26, 0]","[48, 26, 32]","[48, 26, 0]","[46, 27, 77]","[46, 27, 0]","[40, 27, 185]","[-208, 27, 198]","[-208, 27, 0]","[-215, 28, 224]","[-215, 28, 0]"
"[25, 29, 0]","[29, 28, 130]","[29, 28, 0]","[33, 28, 130]","[38, 27, 109]","[38, 27, 0]","[42, 26, 130]","[42, 26, 0]","[47, 26, 160]","[47, 26, 0]","[48, 26, 32]","[48, 26, 0]","[46, 27, 77]","[46, 27, 0]","[40, 27, 185]","[-208, 27, 198]","[-208, 27, 0]","[-215, 28, 224]","[-215, 28, 0]","[-211, 28, 127]"
"[29, 28, 130]","[29, 28, 0]","[33, 28, 130]","[38, 27, 109]","[38, 27, 0]","[42, 26, 130]","[42, 26, 0]","[47, 26, 160]","[47, 26, 0]","[48, 26, 32]","[48, 26, 0]","[46, 27, 77]","[46, 27, 0]","[40, 27, 185]","[-208, 27, 198]","[-208, 27, 0]","[-215, 28, 224]","[-215, 28, 0]","[-211, 28, 127]","[-211, 28, 0]"
"[29, 28, 0]","[33, 28, 130]","[38, 27, 109]","[38, 27, 0]","[42, 26, 130]","[42, 26, 0]","[47, 26, 160]","[47, 26, 0]","[48, 26, 32]","[48, 26, 0]","[46, 27, 77]","[46, 27, 0]","[40, 27, 185]","[-208, 27, 198]","[-208, 27, 0]","[-215, 28, 224]","[-215, 28, 0]","[-211, 28, 127]","[-211, 28, 0]","[-216, 28, 164]"
"[33, 28, 130]","[38, 27, 109]","[38, 27, 0]","[42, 26, 130]","[42, 26, 0]","[47, 26, 160]","[47, 26, 0]","[48, 26, 32]","[48, 26, 0]","[46, 27, 77]","[46, 27, 0]","[40, 27, 185]","[-208, 27, 198]","[-208, 27, 0]","[-215, 28, 224]","[-215, 28, 0]","[-211, 28, 127]","[-211, 28, 0]","[-216, 28, 164]","[-216, 28, 0]"
"[38, 27, 109]","[38, 27, 0]","[42, 26, 130]","[42, 26, 0]","[47, 26, 160]","[47, 26, 0]","[48, 26, 32]","[48, 26, 0]","[46, 27, 77]","[46, 27, 0]","[40, 27, 185]","[-208, 27, 198]","[-208, 27, 0]","[-215, 28, 224]","[-215, 28, 0]","[-211, 28, 127]","[-211, 28, 0]","[-216, 28, 164]","[-216, 28, 0]","[73, 34, 181]"
"[38, 27, 0]","[42, 26, 130]","[42, 26, 0]","[47, 26, 160]","[47, 26, 0]","[48, 26, 32]","[48, 26, 0]","[46, 27, 77]","[46, 27, 0]","[40, 27, 185]","[-208, 27, 198]","[-208, 27, 0]","[-215, 28, 224]","[-215, 28, 0]","[-211, 28, 127]","[-211, 28, 0]","[-216, 28, 164]","[-216, 28, 0]","[73, 34, 181]","[73, 34, 0]"
"[42, 26, 130]","[42, 26, 0]","[47, 26, 160]","[47, 26, 0]","[48, 26, 32]","[48, 26, 0]","[46, 27, 77]","[46, 27, 0]","[40, 27, 185]","[-208, 27, 198]","[-208, 27, 0]","[-215, 28, 224]","[-215, 28, 0]","[-211, 28, 127]","[-211, 28, 0]","[-216, 28, 164]","[-216, 28, 0]","[73, 34, 181]","[73, 34, 0]","[78, 33, 169]"
"[42, 26, 0]","[47, 26, 160]","[47, 26, 0]","[48, 26, 32]","[48, 26, 0]","[46, 27, 77]","[46, 27, 0]","[40, 27, 185]","[-208, 27, 198]","[-208, 27, 0]","[-215, 28, 224]","[-215, 28, 0]","[-211, 28, 127]","[-211, 28, 0]","[-216, 28, 164]","[-216, 28, 0]","[73, 34, 181]","[73, 34, 0]","[78, 33, 169]","[84, 33, 129]"
"[47, 26, 160]","[47, 26, 0]","[48, 26, 32]","[48, 26, 0]","[46, 27, 77]","[46, 27, 0]","[40, 27, 185]","[-208, 27, 198]","[-208, 27, 0]","[-215, 28, 224]","[-215, 28, 0]","[-211, 28, 127]","[-211, 28, 0]","[-216, 28, 164]","[-216, 28, 0]","[73, 34, 181]","[73, 34, 0]","[78, 33, 169]","[84, 33, 129]","[84, 33, 0]"
"[47, 26, 0]","[48, 26, 32]","[48, 26, 0]","[46, 27, 77]","[46, 27, 0]","[40, 27, 185]","[-208, 27, 198]","[-208, 27, 0]","[-215, 28, 224]","[-215, 28, 0]","[-211, 28, 127]","[-211, 28, 0]","[-216, 28, 164]","[-216, 28, 0]","[73, 34, 181]","[73, 34, 0]","[78, 33, 169]","[84, 33, 129]","[84, 33, 0]","[85, 31, 70]"
"[48, 26, 32]","[48, 26, 0]","[46, 27, 77]","[46, 27, 0]","[40, 27, 185]","[-208, 27, 198]","[-208, 27, 0]","[-215, 28, 224]","[-215, 28, 0]","[-211, 28, 127]","[-211, 28, 0]","[-216, 28, 164]","[-216, 28, 0]","[73, 34, 181]","[73, 34, 0]","[78, 33, 169]","[84, 33, 129]","[84, 33, 0]","[85, 31, 70]","[85, 31, 0]"
"[48, 26, 0]","[46, 27, 77]","[46, 27, 0]","[40, 27, 185]","[-208, 27, 198]","[-208, 27, 0]","[-215, 28, 224]","[-215, 28, 0]","[-211, 28, 127]","[-211, 28, 0]","[-216, 28, 164]","[-216, 28, 0]","[73, 34, 181]","[73, 34, 0]","[78, 33, 169]","[84, 33, 129]","[84, 33, 0]","[85, 31, 70]","[85, 31, 0]","[84, 31, 22]"
"[46, 27, 77]","[46, 27, 0]","[40, 27, 185]","[-208, 27, 198]","[-208, 27, 0]","[-215, 28, 224]","[-215, 28, 0]","[-211, 28, 127]","[-211, 28, 0]","[-216, 28, 164]","[-216, 28, 0]","[73, 34, 181]","[73, 34, 0]","[78, 33, 169]","[84, 33, 129]","[84, 33, 0]","[85, 31, 70]","[85, 31, 0]","[84, 31, 22]","[84, 31, 0]"
"[46, 27, 0]","[40, 27, 185]","[-208, 27, 198]","[-208, 27, 0]","[-215, 28, 224]","[-215, 28, 0]","[-211, 28, 127]","[-211, 28, 0]","[-216, 28, 164]","[-216, 28, 0]","[73, 34, 181]","[73, 34, 0]","[78, 33, 169]","[84, 33, 129]","[84, 33, 0]","[85, 31, 70]","[85, 31, 0]","[84, 31, 22]","[84, 31, 0]","[79, 30, 171]"
"[40, 27, 185]","[-208, 27, 198]","[-208, 27, 0]","[-215, 28, 224]","[-215, 28, 0]","[-211, 28, 127]","[-211, 28, 0]","[-216, 28, 164]","[-216, 28, 0]","[73, 34, 181]","[73, 34, 0]","[78, 33, 169]","[84, 33, 129]","[84, 33, 0]","[85, 31, 70]","[85, 31, 0]","[84, 31, 22]","[84, 31, 0]","[79, 30, 171]","[76, 30, 62]"
"[-208, 27, 198]","[-208, 27, 0]","[-215, 28, 224]","[-215, 28, 0]","[-211, 28, 127]","[-211, 28, 0]","[-216, 28, 164]","[-216, 28, 0]","[73, 34, 181]","[73, 34, 0]","[78, 33, 169]","[84, 33, 129]","[84, 33, 0]","[85, 31, 70]","[85, 31, 0]","[84, 31, 22]","[84, 31, 0]","[79, 30, 171]","[76, 30, 62]","[76, 30, 0]"
"[-208, 27, 0]","[-215, 28, 224]","[-215, 28, 0]","[-211, 28, 127]","[-211, 28, 0]","[-216, 28, 164]","[-216, 28, 0]","[73, 34, 181]","[73, 34, 0]","[78, 33, 169]","[84, 33, 129]","[84, 33, 0]","[85, 31, 70]","[85, 31, 0]","[84, 31, 22]","[84, 31, 0]","[79, 30, 171]","[76, 30, 62]","[76, 30, 0]","[69, 30, 230]"
"[-215, 28, 224]","[-215, 28, 0]","[-211, 28, 127]","[-211, 28, 0]","[-216, 28, 164]","[-216, 28, 0]","[73, 34, 181]","[73, 34, 0]","[78, 33, 169]","[84, 33, 129]","[84, 33, 0]","[85, 31, 70]","[85, 31, 0]","[84, 31, 22]","[84, 31, 0]","[79, 30, 171]","[76, 30, 62]","[76, 30, 0]","[69, 30, 230]","[69, 30, 0]"
"[-215, 28, 0]","[-211, 28, 127]","[-211, 28, 0]","[-216, 28, 164]","[-216, 28, 0]","[73, 34, 181]","[73, 34, 0]","[78, 33, 169]","[84, 33, 129]","[84, 33, 0]","[85, 31, 70]","[85, 31, 0]","[84, 31, 22]","[84, 31, 0]","[79, 30, 171]","[76, 30, 62]","[76, 30, 0]","[69, 30, 230]","[69, 30, 0]","[65, 29, 131]"
"[-211, 28, 127]","[-211, 28, 0]","[-216, 28, 164]","[-216, 28, 0]","[73, 34, 181]","[73, 34, 0]","[78, 33, 169]","[84, 33, 129]","[84, 33, 0]","[85, 31, 70]","[85, 31, 0]","[84, 31, 22]","[84, 31, 0]","[79, 30, 171]","[76, 30, 62]","[76, 30, 0]","[69, 30, 230]","[69, 30, 0]","[65, 29, 131]","[65, 29, 0]"
"[-211, 28, 0]","[-216, 28, 164]","[-216, 28, 0]","[73, 34, 181]","[73, 34, 0]","[78, 33, 169]","[84, 33, 129]","[84, 33, 0]","[85, 31, 70]","[85, 31, 0]","[84, 31, 22]","[84, 31, 0]","[79, 30, 171]","[76, 30, 62]","[76, 30, 0]","[69, 30, 230]","[69, 30, 0]","[65, 29, 131]","[65, 29, 0]","[60, 28, 173]"
"[-216, 28, 164]","[-216, 28, 0]","[73, 34, 181]","[73, 34, 0]","[78, 33, 169]","[84, 33, 129]","[84, 33, 0]","[85, 31, 70]","[85, 31, 0]","[84, 31, 22]","[84, 31, 0]","[79, 30, 171]","[76, 30, 62]","[76, 30, 0]","[69, 30, 230]","[69, 30, 0]","[65, 29, 131]","[65, 29, 0]","[60, 28, 173]","[60, 28, 0]"
"[-216, 28, 0]","[73, 34, 181]","[73, 34, 0]","[78, 33, 169]","[84, 33, 129]","[84, 33, 0]","[85, 31, 70]","[85, 31, 0]","[84, 31, 22]","[84, 31, 0]","[79, 30, 171]","[76, 30, 62]","[76, 30, 0]","[69, 30, 230]","[69, 30, 0]","[65, 29, 131]","[65, 29, 0]","[60, 28, 173]","[60, 28, 0]","[53, 28, 222]"
"[73, 34, 181]","[73, 34, 0]","[78, 33, 169]","[84, 33, 129]","[84, 33, 0]","[85, 31, 70]","[85, 31, 0]","[84, 31, 22]","[84, 31, 0]","[79, 30, 171]","[76, 30, 62]","[76, 30, 0]","[69, 30, 230]","[69, 30, 0]","[65, 29, 131]","[65, 29, 0]","[60, 28, 173]","[60, 28, 0]","[53, 28, 222]","[49, 27, 92]"
"[73, 34, 0]","[78, 33, 169]","[84, 33, 129]","[84, 33, 0]","[85, 31, 70]","[85, 31, 0]","[84, 31, 22]","[84, 31, 0]","[79, 30, 171]","[76, 30, 62]","[76, 30, 0]","[69, 30, 230]","[69, 30, 0]","[65, 29, 131]","[65, 29, 0]","[60, 28, 173]","[60, 28, 0]","[53, 28, 222]","[49, 27, 92]","[49, 27, 0]"
"[78, 33, 169]","[84, 33, 129]","[84, 33, 0]","[85, 31, 70]","[85, 31, 0]","[84, 31, 22]","[84, 31, 0]","[79, 30, 171]","[76, 30, 62]","[76, 30, 0]","[69, 30, 230]","[69, 30, 0]","[65, 29, 131]","[65, 29, 0]","[60, 28, 173]","[60, 28, 0]","[53, 28, 222]","[49, 27, 92]","[49, 27, 0]","[42, 26, 221]"
"[84, 33, 129]","[84, 33, 0]","[85, 31, 70]","[85, 31, 0]","[84, 31, 22]","[84, 31, 0]","[79, 30, 171]","[76, 30, 62]","[76, 30, 0]","[69, 30, 230]","[69, 30, 0]","[65, 29, 131]","[65, 29, 0]","[60, 28, 173]","[60, 28, 0]","[53, 28, 222]","[49, 27, 92]","[49, 27, 0]","[42, 26, 221]","[42, 26, 0]"
"[84, 33, 0]","[85, 31, 70]","[85, 31, 0]","[84, 31, 22]","[84, 31, 0]","[79, 30, 171]","[76, 30, 62]","[76, 30, 0]","[69, 30, 230]","[69, 30, 0]","[65, 29, 131]","[65, 29, 0]","[60, 28, 173]","[60, 28, 0]","[53, 28, 222]","[49, 27, 92]","[49, 27, 0]","[42, 26, 221]","[42, 26, 0]","[37, 25, 162]"
"[85, 31, 70]","[85, 31, 0]","[84, 31, 22]","[84, 31, 0]","[79, 30, 171]","[76, 30, 62]","[76, 30, 0]","[69, 30, 230]","[69, 30, 0]","[65, 29, 131]","[65, 29, 0]","[60, 28, 173]","[60, 28, 0]","[53, 28, 222]","[49, 27, 92]","[49, 27, 0]","[42, 26, 221]","[42, 26, 0]","[37, 25, 162]","[37, 25, 0]"
"[85, 31, 0]","[84, 31, 22]","[84, 31, 0]","[79, 30, 171]","[76, 30, 62]","[76, 30, 0]","[69, 30, 230]","[69, 30, 0]","[65, 29, 131]","[65, 29, 0]","[60, 28, 173]","[60, 28, 0]","[53, 28, 222]","[49, 27, 92]","[49, 27, 0]","[42, 26, 221]","[42, 26, 0]","[37, 25, 162]","[37, 25, 0]","[32, 25, 156]"
"[84, 31, 22]","[84, 31, 0]","[79, 30, 171]","[76, 30, 62]","[76, 30, 0]","[69, 30, 230]","[69, 30, 0]","[65, 29, 131]","[65, 29, 0]","[60, 28, 173]","[60, 28, 0]","[53, 28, 222]","[49, 27, 92]","[49, 27, 0]","[42, 26, 221]","[42, 26, 0]","[37, 25, 162]","[37, 25, 0]","[32, 25, 156]","[32, 25, 0]"
"[84, 31, 0]","[79, 30, 171]","[76, 30, 62]","[76, 30, 0]","[69, 30, 230]","[69, 30, 0]","[65, 29, 131]","[65, 29, 0]","[60, 28, 173]","[60, 28, 0]","[53, 28, 222]","[49, 27, 92]","[49, 27, 0]","[42, 26, 221]","[42, 26, 0]","[37, 25, 162]","[37, 25, 0]","[32, 25, 156]","[32, 25, 0]","[20, 23, 129]"
"[79, 30, 171]","[76, 30, 62]","[76, 30, 0]","[69, 30, 230]","[69, 30, 0]","[65, 29, 131]","[65, 29, 0]","[60, 28, 173]","[60, 28, 0]","[53, 28, 222]","[49, 27, 92]","[49, 27, 0]","[42, 26, 221]","[42, 26, 0]","[37, 25, 162]","[37, 25, 0]","[32, 25, 156]","[32, 25, 0]","[20, 23, 129]","[20, 23, 0]"
"[76, 30, 62]","[76, 30, 0]","[69, 30, 230]","[69, 30, 0]","[65, 29, 131]","[65, 29, 0]","[60, 28, 173]","[60, 28, 0]","[53, 28, 222]","[49, 27, 92]","[49, 27, 0]","[42, 26, 221]","[42, 26, 0]","[37, 25, 162]","[37, 25, 0]","[32, 25, 156]","[32, 25, 0]","[20, 23, 129]","[20, 23, 0]","[13, 23, 228]"
"[76, 30, 0]","[69, 30, 230]","[69, 30, 0]","[65, 29, 131]","[65, 29, 0]","[60, 28, 173]","[60, 28, 0]","[53, 28, 222]","[49, 27, 92]","[49, 27, 0]","[42, 26, 221]","[42, 26, 0]","[37, 25, 162]","[37, 25, 0]","[32, 25, 156]","[32, 25, 0]","[20, 23, 129]","[20, 23, 0]","[13, 23, 228]","[13, 23, 0]"
"[69, 30, 230]","[69, 30, 0]","[65, 29, 131]","[65, 29, 0]","[60, 28, 173]","[60, 28, 0]","[53, 28, 222]","[49, 27, 92]","[49, 27, 0]","[42, 26, 221]","[42, 26, 0]","[37, 25, 162]","[37, 25, 0]","[32, 25, 156]","[32, 25, 0]","[20, 23, 129]","[20, 23, 0]","[13, 23, 228]","[13, 23, 0]","[7, 23, 201]"
"[69, 30, 0]","[65, 29, 131]","[65, 29, 0]","[60, 28, 173]","[60, 28, 0]","[53, 28, 222]","[49, 27, 92]","[49, 27, 0]","[42, 26, 221]","[42, 26, 0]","[37, 25, 162]","[37, 25, 0]","[32, 25, 156]","[32, 25, 0]","[20, 23, 129]","[20, 23, 0]","[13, 23, 228]","[13, 23, 0]","[7, 23, 201]","[7, 23, 0]"
"[65, 29, 131]","[65, 29, 0]","[60, 28, 173]","[60, 28, 0]","[53, 28, 222]","[49, 27, 92]","[49, 27, 0]","[42, 26, 221]","[42, 26, 0]","[37, 25, 162]","[37, 25, 0]","[32, 25, 156]","[32, 25, 0]","[20, 23, 129]","[20, 23, 0]","[13, 23, 228]","[13, 23, 0]","[7, 23, 201]","[7, 23, 0]","[1, 22, 197]"
"[65, 29, 0]","[60, 28, 173]","[60, 28, 0]","[53, 28, 222]","[49, 27, 92]","[49, 27, 0]","[42, 26, 221]","[42, 26, 0]","[37, 25, 162]","[37, 25, 0]","[32, 25, 156]","[32, 25, 0]","[20, 23, 129]","[20, 23, 0]","[13, 23, 228]","[13, 23, 0]","[7, 23, 201]","[7, 23, 0]","[1, 22, 197]","[1, 22, 0]"
"[60, 28, 173]","[60, 28, 0]","[53, 28, 222]","[49, 27, 92]","[49, 27, 0]","[42, 26, 221]","[42, 26, 0]","[37, 25, 162]","[37, 25, 0]","[32, 25, 156]","[32, 25, 0]","[20, 23, 129]","[20, 23, 0]","[13, 23, 228]","[13, 23, 0]","[7, 23, 201]","[7, 23, 0]","[1, 22, 197]","[1, 22, 0]","[-4, 21, 169]"
"[60, 28, 0]","[53, 28, 222]","[49, 27, 92]","[49, 27, 0]","[42, 26, 221]","[42, 26, 0]","[37, 25, 162]","[37, 25, 0]","[32, 25, 156]","[32, 25, 0]","[20, 23, 129]","[20, 23, 0]","[13, 23, 228]","[13, 23, 0]","[7, 23, 201]","[7, 23, 0]","[1, 22, 197]","[1, 22, 0]","[-4, 21, 169]","[-4, 21, 0]"
"[53, 28, 222]","[49, 27, 92]","[49, 27, 0]","[42, 26, 221]","[42, 26, 0]","[37, 25, 162]","[37, 25, 0]","[32, 25, 156]","[32, 25, 0]","[20, 23, 129]","[20, 23, 0]","[13, 23, 228]","[13, 23, 0]","[7, 23, 201]","[7, 23, 0]","[1, 22, 197]","[1, 22, 0]","[-4, 21, 169]","[-4, 21, 0]","[-10, 22, 196]"
"[49, 27, 92]","[49, 27, 0]","[42, 26, 221]","[42, 26, 0]","[37, 25, 162]","[37, 25, 0]","[32, 25, 156]","[32, 25, 0]","[20, 23, 129]","[20, 23, 0]","[13, 23, 228]","[13, 23, 0]","[7, 23, 201]","[7, 23, 0]","[1, 22, 197]","[1, 22, 0]","[-4, 21, 169]","[-4, 21, 0]","[-10, 22, 196]","[-10, 22, 0]"
"[49, 27, 0]","[42, 26, 221]","[42, 26, 0]","[37, 25, 162]","[37, 25, 0]","[32, 25, 156]","[32, 25, 0]","[20, 23, 129]","[20, 23, 0]","[13, 23, 228]","[13, 23, 0]","[7, 23, 201]","[7, 23, 0]","[1, 22, 197]","[1, 22, 0]","[-4, 21, 169]","[-4, 21, 0]","[-10, 22, 196]","[-10, 22, 0]","[-15, 22, 154]"
"[42, 26, 221]","[42, 26, 0]","[37, 25, 162]","[37, 25, 0]","[32, 25, 156]","[32, 25, 0]","[20, 23, 129]","[20, 23, 0]","[13, 23, 228]","[13, 23, 0]","[7, 23, 201]","[7, 23, 0]","[1, 22, 197]","[1, 22, 0]","[-4, 21, 169]","[-4, 21, 0]","[-10, 22, 196]","[-10, 22, 0]","[-15, 22, 154]","[-21, 21, 131]"
"[42, 26, 0]","[37, 25, 162]","[37, 25, 0]","[32, 25, 156]","[32, 25, 0]","[20, 23, 129]","[20, 23, 0]","[13, 23, 228]","[13, 23, 0]","[7, 23, 201]","[7, 23, 0]","[1, 22, 197]","[1, 22, 0]","[-4, 21, 169]","[-4, 21, 0]","[-10, 22, 196]","[-10, 22, 0]","[-15, 22, 154]","[-21, 21, 131]","[-21, 21, 0]"
"[37, 25, 162]","[37, 25, 0]","[32, 25, 156]","[32, 25, 0]","[20, 23, 129]","[20, 23, 0]","[13, 23, 228]","[13, 23, 0]","[7, 23, 201]","[7, 23, 0]","[1, 22, 197]","[1, 22, 0]","[-4, 21, 169]","[-4, 21, 0]","[-10, 22, 196]","[-10, 22, 0]","[-15, 22, 154]","[-21, 21, 131]","[-21, 21, 0]","[-27, 21, 201]"
"[37, 25, 0]","[32, 25, 156]","[32, 25, 0]","[20, 23, 129]","[20, 23, 0]","[13, 23, 228]","[13, 23, 0]","[7, 23, 201]","[7, 23, 0]","[1, 22, 197]","[1, 22, 0]","[-4, 21, 169]","[-4, 21, 0]","[-10, 22, 196]","[-10, 22, 0]","[-15, 22, 154]","[-21, 21, 131]","[-21, 21, 0]","[-27, 21, 201]","[-27, 21, 0]"
"[32, 25, 156]","[32, 25, 0]","[20, 23, 129]","[20, 23, 0]","[13, 23, 228]","[13, 23, 0]","[7, 23, 201]","[7, 23, 0]","[1, 22, 197]","[1, 22, 0]","[-4, 21, 169]","[-4, 21, 0]","[-10, 22, 196]","[-10, 22, 0]","[-15, 22, 154]","[-21, 21, 131]","[-21, 21, 0]","[-27, 21, 201]","[-27, 21, 0]","[-32, 20, 105]"
"[32, 25, 0]","[20, 23, 129]","[20, 23, 0]","[13, 23, 228]","[13, 23, 0]","[7, 23, 201]","[7, 23, 0]","[1, 22, 197]","[1, 22, 0]","[-4, 21, 169]","[-4, 21, 0]","[-10, 22, 196]","[-10, 22, 0]","[-15, 22, 154]","[-21, 21, 131]","[-21, 21, 0]","[-27, 21, 201]","[-27, 21, 0]","[-32, 20, 105]","[-32, 20, 0]"
"[20, 23, 129]","[20, 23, 0]","[13, 23, 228]","[13, 23, 0]","[7, 23, 201]","[7, 23, 0]","[1, 22, 197]","[1, 22, 0]","[-4, 21, 169]","[-4, 21, 0]","[-10, 22, 196]","[-10, 22, 0]","[-15, 22, 154]","[-21, 21, 131]","[-21, 21, 0]","[-27, 21, 201]","[-27, 21, 0]","[-32, 20, 105]","[-32, 20, 0]","[-39, 20, 228]"
"[20, 23, 0]","[13, 23, 228]","[13, 23, 0]","[7, 23, 201]","[7, 23, 0]","[1, 22, 197]","[1, 22, 0]","[-4, 21, 169]","[-4, 21, 0]","[-10, 22, 196]","[-10, 22, 0]","[-15, 22, 154]","[-21, 21, 131]","[-21, 21, 0]","[-27, 21, 201]","[-27, 21, 0]","[-32, 20, 105]","[-32, 20, 0]","[-39, 20, 228]","[-45, 21, 191]"
"[13, 23, 228]","[13, 23, 0]","[7, 23, 201]","[7, 23, 0]","[1, 22, 197]","[1, 22, 0]","[-4, 21, 169]","[-4, 21, 0]","[-10, 22, 196]","[-10, 22, 0]","[-15, 22, 154]","[-21, 21, 131]","[-21, 21, 0]","[-27, 21, 201]","[-27, 21, 0]","[-32, 20, 105]","[-32, 20, 0]","[-39, 20, 228]","[-45, 21, 191]","[-45, 21, 0]"
"[13, 23, 0]","[7, 23, 201]","[7, 23, 0]","[1, 22, 197]","[1, 22, 0]","[-4, 21, 169]","[-4, 21, 0]","[-10, 22, 196]","[-10, 22, 0]","[-15, 22, 154]","[-21, 21, 131]","[-21, 21, 0]","[-27, 21, 201]","[-27, 21, 0]","[-32, 20, 105]","[-32, 20, 0]","[-39, 20, 228]","[-45, 21, 191]","[-45, 21, 0]","[-50, 20, 167]"
"[7, 23, 201]","[7, 23, 0]","[1, 22, 197]","[1, 22, 0]","[-4, 21, 169]","[-4, 21, 0]","[-10, 22, 196]","[-10, 22, 0]","[-15, 22, 154]","[-21, 21, 131]","[-21, 21, 0]","[-27, 21, 201]","[-27, 21, 0]","[-32, 20, 105]","[-32, 20, 0]","[-39, 20, 228]","[-45, 21, 191]","[-45, 21, 0]","[-50, 20, 167]","[-50, 20, 0]"
"[7, 23, 0]","[1, 22, 197]","[1, 22, 0]","[-4, 21, 169]","[-4, 21, 0]","[-10, 22, 196]","[-10, 22, 0]","[-15, 22, 154]","[-21, 21, 131]","[-21, 21, 0]","[-27, 21, 201]","[-27, 21, 0]","[-32, 20, 105]","[-32, 20, 0]","[-39, 20, 228]","[-45, 21, 191]","[-45, 21, 0]","[-50, 20, 167]","[-50, 20, 0]","[-70, 20, 142]"
"[1, 22, 197]","[1, 22, 0]","[-4, 21, 169]","[-4, 21, 0]","[-10, 22, 196]","[-10, 22, 0]","[-15, 22, 154]","[-21, 21, 131]","[-21, 21, 0]","[-27, 21, 201]","[-27, 21, 0]","[-32, 20, 105]","[-32, 20, 0]","[-39, 20, 228]","[-45, 21, 191]","[-45, 21, 0]","[-50, 20, 167]","[-50, 20, 0]","[-70, 20, 142]","[-70, 20, 0]"
"[1, 22, 0]","[-4, 21, 169]","[-4, 21, 0]","[-10, 22, 196]","[-10, 22, 0]","[-15, 22, 154]","[-21, 21, 131]","[-21, 21, 0]","[-27, 21, 201]","[-27, 21, 0]","[-32, 20, 105]","[-32, 20, 0]","[-39, 20, 228]","[-45, 21, 191]","[-45, 21, 0]","[-50, 20, 167]","[-50, 20, 0]","[-70, 20, 142]","[-70, 20, 0]","[-79, 21, 190]"
"[-4, 21, 169]","[-4, 21, 0]","[-10, 22, 196]","[-10, 22, 0]","[-15, 22, 154]","[-21, 21, 131]","[-21, 21, 0]","[-27, 21, 201]","[-27, 21, 0]","[-32, 20, 105]","[-32, 20, 0]","[-39, 20, 228]","[-45, 21, 191]","[-45, 21, 0]","[-50, 20, 167]","[-50, 20, 0]","[-70, 20, 142]","[-70, 20, 0]","[-79, 21, 190]","[-79, 21, 0]"
"[-4, 21, 0]","[-10, 22, 196]","[-10, 22, 0]","[-15, 22, 154]","[-21, 21, 131]","[-21, 21, 0]","[-27, 21, 201]","[-27, 21, 0]","[-32, 20, 105]","[-32, 20, 0]","[-39, 20, 228]","[-45, 21, 191]","[-45, 21, 0]","[-50, 20, 167]","[-50, 20, 0]","[-70, 20, 142]","[-70, 20, 0]","[-79, 21, 190]","[-79, 21, 0]","[-134, 21, 122]"
"[-10, 22, 196]","[-10, 22, 0]","[-15, 22, 154]","[-21, 21, 131]","[-21, 21, 0]","[-27, 21, 201]","[-27, 21, 0]","[-32, 20, 105]","[-32, 20, 0]","[-39, 20, 228]","[-45, 21, 191]","[-45, 21, 0]","[-50, 20, 167]","[-50, 20, 0]","[-70, 20, 142]","[-70, 20, 0]","[-79, 21, 190]","[-79, 21, 0]","[-134, 21, 122]","[-134, 21, 0]"
"[-10, 22, 0]","[-15, 22, 154]","[-21, 21, 131]","[-21, 21, 0]","[-27, 21, 201]","[-27, 21, 0]","[-32, 20, 105]","[-32, 20, 0]","[-39, 20, 228]","[-45, 21, 191]","[-45, 21, 0]","[-50, 20, 167]","[-50, 20, 0]","[-70, 20, 142]","[-70, 20, 0]","[-79, 21, 190]","[-79, 21, 0]","[-134, 21, 122]","[-134, 21, 0]","[-143, 23, 314]"
"[-15, 22, 154]","[-21, 21, 131]","[-21, 21, 0]","[-27, 21, 201]","[-27, 21, 0]","[-32, 20, 105]","[-32, 20, 0]","[-39, 20, 228]","[-45, 21, 191]","[-45, 21, 0]","[-50, 20, 167]","[-50, 20, 0]","[-70, 20, 142]","[-70, 20, 0]","[-79, 21, 190]","[-79, 21, 0]","[-134, 21, 122]","[-134, 21, 0]","[-143, 23, 314]","[-143, 23, 0]"
"[-21, 21, 131]","[-21, 21, 0]","[-27, 21, 201]","[-27, 21, 0]","[-32, 20, 105]","[-32, 20, 0]","[-39, 20, 228]","[-45, 21, 191]","[-45, 21, 0]","[-50, 20, 167]","[-50, 20, 0]","[-70, 20, 142]","[-70, 20, 0]","[-79, 21, 190]","[-79, 21, 0]","[-134, 21, 122]","[-134, 21, 0]","[-143, 23, 314]","[-143, 23, 0]","[-140, 23, 96]"
"[-21, 21, 0]","[-27, 21, 201]","[-27, 21, 0]","[-32, 20, 105]","[-32, 20, 0]","[-39, 20, 228]","[-45, 21, 191]","[-45, 21, 0]","[-50, 20, 167]","[-50, 20, 0]","[-70, 20, 142]","[-70, 20, 0]","[-79, 21, 190]","[-79, 21, 0]","[-134, 21, 122]","[-134, 21, 0]","[-143, 23, 314]","[-143, 23, 0]","[-140, 23, 96]","[-149, 24, 190]"
"[-27, 21, 201]","[-27, 21, 0]","[-32, 20, 105]","[-32, 20, 0]","[-39, 20, 228]","[-45, 21, 191]","[-45, 21, 0]","[-50, 20, 167]","[-50, 20, 0]","[-70, 20, 142]","[-70, 20, 0]","[-79, 21, 190]","[-79, 21, 0]","[-134, 21, 122]","[-134, 21, 0]","[-143, 23, 314]","[-143, 23, 0]","[-140, 23, 96]","[-149, 24, 190]","[-149, 24, 0]"
"[-27, 21, 0]","[-32, 20, 105]","[-32, 20, 0]","[-39, 20, 228]","[-45, 21, 191]","[-45, 21, 0]","[-50, 20, 167]","[-50, 20, 0]","[-70, 20, 142]","[-70, 20, 0]","[-79, 21, 190]","[-79, 21, 0]","[-134, 21, 122]","[-134, 21, 0]","[-143, 23, 314]","[-143, 23, 0]","[-140, 23, 96]","[-149, 24, 190]","[-149, 24, 0]","[-151, 25, 72]"
"[-32, 20, 105]","[-32, 20, 0]","[-39, 20, 228]","[-45, 21, 191]","[-45, 21, 0]","[-50, 20, 167]","[-50, 20, 0]","[-70, 20, 142]","[-70, 20, 0]","[-79, 21, 190]","[-79, 21, 0]","[-134, 21, 122]","[-134, 21, 0]","[-143, 23, 314]","[-143, 23, 0]","[-140, 23, 96]","[-149, 24, 190]","[-149, 24, 0]","[-151, 25, 72]","[-151, 25, 0]"
"[-32, 20, 0]","[-39, 20, 228]","[-45, 21, 191]","[-45, 21, 0]","[-50, 20, 167]","[-50, 20, 0]","[-70, 20, 142]","[-70, 20, 0]","[-79, 21, 190]","[-79, 21, 0]","[-134, 21, 122]","[-134, 21, 0]","[-143, 23, 314]","[-143, 23, 0]","[-140, 23, 96]","[-149, 24, 190]","[-149, 24, 0]","[-151, 25, 72]","[-151, 25, 0]","[-151, 26, 32]"
"[-39, 20, 228]","[-45, 21, 191]","[-45, 21, 0]","[-50, 20, 167]","[-50, 20, 0]","[-70, 20, 142]","[-70, 20, 0]","[-79, 21, 190]","[-79, 21, 0]","[-134, 21, 122]","[-134, 21, 0]","[-143, 23, 314]","[-143, 23, 0]","[-140, 23, 96]","[-149, 24, 190]","[-149, 24, 0]","[-151, 25, 72]","[-151, 25, 0]","[-151, 26, 32]","[-151, 26, 0]"
"[-45, 21, 191]","[-45, 21, 0]","[-50, 20, 167]","[-50, 20, 0]","[-70, 20, 142]","[-70, 20, 0]","[-79, 21, 190]","[-79, 21, 0]","[-134, 21, 122]","[-134, 21, 0]","[-143, 23, 314]","[-143, 23, 0]","[-140, 23, 96]","[-149, 24, 190]","[-149, 24, 0]","[-151, 25, 72]","[-151, 25, 0]","[-151, 26, 32]","[-151, 26, 0]","[-148, 28, 115]"
"[-45, 21, 0]","[-50, 20, 167]","[-50, 20, 0]","[-70, 20, 142]","[-70, 20, 0]","[-79, 21, 190]","[-79, 21, 0]","[-134, 21, 122]","[-134, 21, 0]","[-143, 23, 314]","[-143, 23, 0]","[-140, 23, 96]","[-149, 24, 190]","[-149, 24, 0]","[-151, 25, 72]","[-151, 25, 0]","[-151, 26, 32]","[-151, 26, 0]","[-148, 28, 115]","[-148, 28, 0]"
